{
    "perfs_self_play": {
        "time": 2.551211965,
        "allocated": 1121064272,
        "gc_time": 0.268865919
    },
    "perfs_memory_analysis": {
        "time": 2.73e-7,
        "allocated": 0,
        "gc_time": 0
    },
    "perfs_learning": {
        "time": 7.103905652,
        "allocated": 2154768456,
        "gc_time": 0.993400451
    },
    "self_play": {
        "samples_gen_speed": 8.51065354059367,
        "average_exploration_depth": 0.9722222222222222,
        "mcts_memory_footprint": 5534656,
        "memory_size": 36,
        "memory_num_distinct_boards": 18
    },
    "memory": null,
    "learning": {
        "time_convert": 0.498750843,
        "time_loss": 0.821361105,
        "time_train": 0.756704716,
        "time_eval": 4.137906232000001,
        "initial_status": {
            "loss": {
                "L": 45790190000000,
                "Lp": 3.1209836,
                "Lv": 45790190000000,
                "Lreg": 0.1382057,
                "Linv": -65.166664
            },
            "Hp": 0.9627041,
            "Hpnet": 4.083688
        },
        "losses": [
            50301105000000,
            50199393000000
        ],
        "checkpoints": [
            {
                "batch_id": 2,
                "evaluation": {
                    "legend": "Most recent NN versus best NN so far",
                    "avgr": -6474752,
                    "redundancy": 0,
                    "rewards": [
                        -27012176
                    ],
                    "baseline_rewards": [
                        -20537424
                    ],
                    "time": 4.137906232000001
                },
                "status_after": {
                    "loss": {
                        "L": 45790190000000,
                        "Lp": 3.1209836,
                        "Lv": 45790190000000,
                        "Lreg": 0.0995986,
                        "Linv": -65.166664
                    },
                    "Hp": 0.9627041,
                    "Hpnet": 4.083688
                },
                "nn_replaced": false
            }
        ],
        "nn_replaced": false
    }
}