{
    "perfs_self_play": {
        "time": 0.076295965,
        "allocated": 32670856,
        "gc_time": 0
    },
    "perfs_memory_analysis": {
        "time": 5.5e-7,
        "allocated": 0,
        "gc_time": 0
    },
    "perfs_learning": {
        "time": 0.786527035,
        "allocated": 85193840,
        "gc_time": 0.523953477
    },
    "self_play": {
        "samples_gen_speed": 103.99064084232418,
        "average_exploration_depth": 0.9285714285714286,
        "mcts_memory_footprint": 129984,
        "memory_size": 14,
        "memory_num_distinct_boards": 7
    },
    "memory": null,
    "learning": {
        "time_convert": 0.01362537,
        "time_loss": 0.036023419,
        "time_train": 0.574323084,
        "time_eval": 0.117813501,
        "initial_status": {
            "loss": {
                "L": 26680414,
                "Lp": 1.9758717,
                "Lv": 26680430,
                "Lreg": 0.14043756,
                "Linv": -18.285715
            },
            "Hp": 0.891189,
            "Hpnet": 2.8670602
        },
        "losses": [
            26503266,
            19891726
        ],
        "checkpoints": [
            {
                "batch_id": 2,
                "evaluation": {
                    "legend": "Most recent NN versus best NN so far",
                    "avgr": -235224,
                    "redundancy": 0,
                    "rewards": [
                        -594864
                    ],
                    "baseline_rewards": [
                        -359640
                    ],
                    "time": 0.117813501
                },
                "status_after": {
                    "loss": {
                        "L": 26680414,
                        "Lp": 1.9758717,
                        "Lv": 26680430,
                        "Lreg": 0.10855452,
                        "Linv": -18.285715
                    },
                    "Hp": 0.891189,
                    "Hpnet": 2.8670602
                },
                "nn_replaced": false
            }
        ],
        "nn_replaced": false
    }
}