{
    "perfs_self_play": {
        "time": 0.094277467,
        "allocated": 30404392,
        "gc_time": 0.019296925
    },
    "perfs_memory_analysis": {
        "time": 4.01e-7,
        "allocated": 0,
        "gc_time": 0
    },
    "perfs_learning": {
        "time": 0.909759027,
        "allocated": 98915232,
        "gc_time": 0.553478033
    },
    "self_play": {
        "samples_gen_speed": 81.53715902266671,
        "average_exploration_depth": 0.9285714285714286,
        "mcts_memory_footprint": 134688,
        "memory_size": 14,
        "memory_num_distinct_boards": 14
    },
    "memory": null,
    "learning": {
        "time_convert": 0.021415665,
        "time_loss": 0.070827511,
        "time_train": 0.602277546,
        "time_eval": 0.131821382,
        "initial_status": {
            "loss": {
                "L": 3071314800000,
                "Lp": 4.228421,
                "Lv": 3071314800000,
                "Lreg": 0.14413,
                "Linv": 0.27987304
            },
            "Hp": 0.5941258,
            "Hpnet": 0.36185426
        },
        "losses": [
            3540362700000,
            2134022800000
        ],
        "checkpoints": [
            {
                "batch_id": 2,
                "evaluation": {
                    "legend": "Most recent NN versus best NN so far",
                    "avgr": 1534254,
                    "redundancy": 0,
                    "rewards": [
                        -979089
                    ],
                    "baseline_rewards": [
                        -2513343
                    ],
                    "time": 0.131821382
                },
                "status_after": {
                    "loss": {
                        "L": 3071314800000,
                        "Lp": 4.543653,
                        "Lv": 3071314800000,
                        "Lreg": 0.121888876,
                        "Linv": 0.43603325
                    },
                    "Hp": 0.5941258,
                    "Hpnet": 0.11642443
                },
                "nn_replaced": true
            }
        ],
        "nn_replaced": true
    }
}