{
    "perfs_self_play": {
        "time": 0.250684008,
        "allocated": 36258993,
        "gc_time": 0.026031599
    },
    "perfs_memory_analysis": {
        "time": 3.3e-7,
        "allocated": 0,
        "gc_time": 0
    },
    "perfs_learning": {
        "time": 0.975607088,
        "allocated": 86808749,
        "gc_time": 0.558416506
    },
    "self_play": {
        "samples_gen_speed": 36.38698376460608,
        "average_exploration_depth": 0.9285714285714286,
        "mcts_memory_footprint": 134688,
        "memory_size": 7,
        "memory_num_distinct_boards": 7
    },
    "memory": null,
    "learning": {
        "time_convert": 0.062572408,
        "time_loss": 0.041065339,
        "time_train": 0.593864741,
        "time_eval": 0.23192053499999998,
        "initial_status": {
            "loss": {
                "L": 3279818000000,
                "Lp": 2.0598652,
                "Lv": 3279818000000,
                "Lreg": 0.16747127,
                "Linv": 0.32593888
            },
            "Hp": 0.59412587,
            "Hpnet": 1.7786542
        },
        "losses": [
            1736203400000,
            1833446500000
        ],
        "checkpoints": [
            {
                "batch_id": 2,
                "evaluation": {
                    "legend": "Most recent NN versus best NN so far",
                    "avgr": -3059,
                    "redundancy": 0,
                    "rewards": [
                        -2024990
                    ],
                    "baseline_rewards": [
                        -2021931
                    ],
                    "time": 0.23192053499999998
                },
                "status_after": {
                    "loss": {
                        "L": 3279818000000,
                        "Lp": 3.9185023,
                        "Lv": 3279818000000,
                        "Lreg": 0.14413,
                        "Linv": 0.28350163
                    },
                    "Hp": 0.59412587,
                    "Hpnet": 0.19891904
                },
                "nn_replaced": false
            }
        ],
        "nn_replaced": false
    }
}