{
    "perfs_self_play": {
        "time": 1.41487149,
        "allocated": 119535280,
        "gc_time": 0
    },
    "perfs_memory_analysis": {
        "time": 3.81e-7,
        "allocated": 0,
        "gc_time": 0
    },
    "perfs_learning": {
        "time": 133.835183358,
        "allocated": 10156724412,
        "gc_time": 3.037567134
    },
    "self_play": {
        "samples_gen_speed": 5.584657092859759,
        "average_exploration_depth": 0.9285714285714286,
        "mcts_memory_footprint": 129984,
        "memory_size": 7,
        "memory_num_distinct_boards": 7
    },
    "memory": null,
    "learning": {
        "time_convert": 1.405955257,
        "time_loss": 0.039149015,
        "time_train": 114.520579247,
        "time_eval": 0.335055152,
        "initial_status": {
            "loss": {
                "L": 26697486,
                "Lp": 2.2729344,
                "Lv": 26697500,
                "Lreg": 0.16394535,
                "Linv": -18.285715
            },
            "Hp": 0.59412587,
            "Hpnet": 2.8670604
        },
        "losses": [
            32750152,
            6431475
        ],
        "checkpoints": [
            {
                "batch_id": 2,
                "evaluation": {
                    "legend": "Most recent NN versus best NN so far",
                    "avgr": 529254,
                    "redundancy": 0,
                    "rewards": [
                        -6804
                    ],
                    "baseline_rewards": [
                        -536058
                    ],
                    "time": 0.335055152
                },
                "status_after": {
                    "loss": {
                        "L": 26680416,
                        "Lp": 2.2729344,
                        "Lv": 26680428,
                        "Lreg": 0.14043756,
                        "Linv": -18.285715
                    },
                    "Hp": 0.59412587,
                    "Hpnet": 2.8670604
                },
                "nn_replaced": true
            }
        ],
        "nn_replaced": true
    }
}