{
    "perfs_self_play": {
        "time": 0.996098287,
        "allocated": 161169611,
        "gc_time": 0.059835097
    },
    "perfs_memory_analysis": {
        "time": 5.79e-7,
        "allocated": 0,
        "gc_time": 0
    },
    "perfs_learning": {
        "time": 160.41860486,
        "allocated": 10079978106,
        "gc_time": 6.131627918
    },
    "self_play": {
        "samples_gen_speed": 15.50234498069707,
        "average_exploration_depth": 0.9615384615384616,
        "mcts_memory_footprint": 797952,
        "memory_size": 13,
        "memory_num_distinct_boards": 13
    },
    "memory": null,
    "learning": {
        "time_convert": 1.475086907,
        "time_loss": 0.143991604,
        "time_train": 142.116212304,
        "time_eval": 1.729948241,
        "initial_status": {
            "loss": {
                "L": 650283840,
                "Lp": 3.0039842,
                "Lv": 650283900,
                "Lreg": 0.16447629,
                "Linv": -39.76923
            },
            "Hp": 0.63982797,
            "Hpnet": 3.6438127
        },
        "losses": [
            459570100,
            616780600
        ],
        "checkpoints": [
            {
                "batch_id": 2,
                "evaluation": {
                    "legend": "Most recent NN versus best NN so far",
                    "avgr": -83520,
                    "redundancy": 0,
                    "rewards": [
                        -116352
                    ],
                    "baseline_rewards": [
                        -32832
                    ],
                    "time": 1.729948241
                },
                "status_after": {
                    "loss": {
                        "L": 650261760,
                        "Lp": 3.0039842,
                        "Lv": 650261800,
                        "Lreg": 0.13829511,
                        "Linv": -39.76923
                    },
                    "Hp": 0.63982797,
                    "Hpnet": 3.6438127
                },
                "nn_replaced": false
            }
        ],
        "nn_replaced": false
    }
}